url,recommender,category1,category2,category3,category4,category5,category6,category7,category8,category9,category10,additional_categories
001gamecreator.com,davidshq,,,,,,,,,,,
10up.com,davidshq,,,,,,,,,,,
12factor.net,davidshq,,,,,,,,,,,
12ft.io,davidshq,,,,,,,,,,,
16personalities.com,davidshq,semrush,,,,,,,,,,
1dollarscan.com,davidshq,,,,,,,,,,,
2ality.com,davidshq,,,,,,,,,,,
4sysops.com,davidshq,,,,,,,,,,,
7-zip.org,davidshq,,,,,,,,,,,
aa.com,davidshq,semrush,travel,,,,,,,,,
aaa.com,davidshq,semrush,,,,,,,,,,
aarp.org,davidshq,semrush,,,,,,,,,,
accessibilityinsights.io,davidshq,,,,,,,,,,,
acm.org,davidshq,,,,,,,,,,,
additudemag.com,davidshq,,,,,,,,,,,
addyosmani.com,davidshq,,,,,,,,,,,
adobe.com,davidshq,semrush,,,,,,,,,,
adp.com,davidshq,semrush,,,,,,,,,,
aetna.com,davidshq,semrush,,,,,,,,,,
agilemanifesto.org,davidshq,,,,,,,,,,,
ahrefs.com,davidshq,,,,,,,,,,,
airbnb.com,davidshq,semrush,,,,,,,,,,
airtable.com,davidshq,,,,,,,,,,,
aivosto.com,davidshq,,,,,,,,,,,
alaskaair.com,davidshq,semrush,travel,,,,,,,,,
aliexpress.com,davidshq,semrush,,,,,,,,,,
alistapart.com,davidshq,,,,,,,,,,,
allrecipes.com,davidshq,semrush,,,,,,,,,,
allstate.com,davidshq,semrush,,,,,,,,,,
alternativeto.net,davidshq,,,,,,,,,,,
amazon.com,davidshq,,,,,,,,,,,
americanexpress.com,davidshq,semrush,finance,,,,,,,,,
amplication.com,davidshq,,,,,,,,,,,
amtrak.com,davidshq,semrush,,,,,,,,,,
annualreviews.org,davidshq,,,,,,,,,,,
anthem.com,davidshq,semrush,,,,,,,,,,
anvil.works,davidshq,,,,,,,,,,,
aosabook.org,davidshq,,,,,,,,,,,
apache.org,davidshq,lucene,solr,nutch,superset,spark,,,,,,
apartments.com,davidshq,semrush,,,,,,,,,,
apollographql.com,davidshq,,,,,,,,,,,
appfolio.com,davidshq,semrush,,,,,,,,,,
appland.com,davidshq,,,,,,,,,,,
apple.com,davidshq,,,,,,,,,,,
arbys.com,davidshq,semrush,,,,,,,,,,
architecturenotes.co,davidshq,,,,,,,,,,,
archive.org,davidshq,,,,,,,,,,,
ardalis.com,davidshq,,,,,,,,,,,
arxiv.org,davidshq,,,,,,,,,,,
askubuntu.com,davidshq,,,,,,,,,,,
astro.build,davidshq,,,,,,,,,,,
atlanticcouncil.org,davidshq,,,,,,,,,,,
atlassian.com,davidshq,jira,confluence,bitbucket,coding,,,,,,,
atomicobject.com,davidshq,,,,,,,,,,,
att.net,davidshq,semrush,,,,,,,,,,
auth0.com,davidshq,,,,,,,,,,,
automatetheboringstuff.com,davidshq,,,,,,,,,,,
autotrader.com,davidshq,semrush,,,,,,,,,,
autozone.com,davidshq,semrush,,,,,,,,,,
aweber.com,davidshq,semrush,marketing,,,,,,,,,
axios-http.com,davidshq,,,,,,,,,,,
b4x.com,davidshq,,,,,,,,,,,
babeljs.io,davidshq,,,,,,,,,,,
backstage.io,davidshq,,,,,,,,,,,
bamboohr.com,davidshq,semrush,,,,,,,,,,
bandcamp.com,davidshq,semrush,,,,,,,,,,
bankofamerica.com,davidshq,semrush,finance,,,,,,,,,
bankrate.com,davidshq,semrush,finance,,,,,,,,,
bbc.co.uk,davidshq,semrush,,,,,,,,,,
bbc.com,davidshq,,,,,,,,,,,
beeware.org,davidshq,,,,,,,,,,,
benfrain.com,davidshq,,,,,,,,,,,
bestbuy.com,davidshq,semrush,,,,,,,,,,
betterprogramming.pub,davidshq,,,,,,,,,,,
bignerdranch.com,davidshq,,,,,,,,,,,
billboard.com,davidshq,semrush,,,,,,,,,,
binance.com,davidshq,semrush,,,,,,,,,,
bing.com,davidshq,semrush,,,,,,,,,,
bitbucket.com,davidshq,,,,,,,,,,,
blackboard.com,davidshq,semrush,,,,,,,,,,
blackrock.com,davidshq,semrush,,,,,,,,,,
blinkist.com,davidshq,,,,,,,,,,,
bokeh.org,davidshq,,,,,,,,,,,
booking.com,davidshq,semrush,travel,,,,,,,,,
boostmobile.com,davidshq,semrush,,,,,,,,,,
brew.sh,davidshq,,,,,,,,,,,
brookings.edu,davidshq,semrush,,,,,,,,,,
bubble.io,davidshq,,,,,,,,,,,
buffer.com,davidshq,,,,,,,,,,,
calendly.com,davidshq,semrush,,,,,,,,,,
cambridge.org,davidshq,semrush,,,,,,,,,,
camelcamelcamel.com,davidshq,,,,,,,,,,,
caniemail.com,davidshq,,,,,,,,,,,
canva.com,davidshq,,,,,,,,,,,
capitalgroup.com,davidshq,semrush,,,,,,,,,,
capitalone.com,davidshq,semrush,finance,,,,,,,,,
caranddriver.com,davidshq,semrush,,,,,,,,,,
carfax.com,davidshq,semrush,,,,,,,,,,
carmax.com,davidshq,semrush,,,,,,,,,,
carnival.com,davidshq,semrush,,,,,,,,,,
cars.com,davidshq,semrush,,,,,,,,,,
cash.app,davidshq,semrush,finance,,,,,,,,,
cbssports.com,davidshq,semrush,,,,,,,,,,
cdc.gov,davidshq,semrush,,,,,,,,,,
cengage.com,davidshq,semrush,education,,,,,,,,,
census.gov,davidshq,semrush,,,,,,,,,,
cepa.org,davidshq,,,,,,,,,,,
chaijs.com,davidshq,,,,,,,,,,,
charitynavigator.org,davidshq,,,,,,,,,,,
chase.com,davidshq,semrush,finance,,,,,,,,,
chegg.com,davidshq,semrush,education,,,,,,,,,
chess.com,davidshq,semrush,,,,,,,,,,
chick-fil-a.com,davidshq,semrush,,,,,,,,,,
chime.com,davidshq,semrush,finance,,,,,,,,,
chipotle.com,davidshq,semrush,,,,,,,,,,
chrome.com,davidshq,,,,,,,,,,,
cigna.com,davidshq,semrush,,,,,,,,,,
circleboom.com,davidshq,,,,,,,,,,,
citi.com,davidshq,semrush,finance,,,,,,,,,
ck12.org,davidshq,,,,,,,,,,,
clevelandclinic.org,davidshq,semrush,,,,,,,,,,
cliffsnotes.com,davidshq,,,,,,,,,,,
cloudflare.com,davidshq,security,hosting,dns,ssl,ddos,,,,,,
cnbc.com,davidshq,semrush,,,,,,,,,,
cnn.com,davidshq,semrush,,,,,,,,,,
coda.io,davidshq,,,,,,,,,,,
codecademy.com,davidshq,,,,,,,,,,,
codecanyon.net,davidshq,,,,,,,,,,,
codementor.io,davidshq,,,,,,,,,,,
codinghorror.com,davidshq,,,,,,,,,,,
coinbase.com,davidshq,,,,,,,,,,,
commitlint.js.org,davidshq,,,,,,,,,,,
commoncrawl.org,davidshq,,,,,,,,,,,
computer.org,davidshq,,,,,,,,,,,
consumerreports.org,davidshq,,,,,,,,,,,
cooperpress.com,davidshq,,,,,,,,,,,
corgibytes.com,davidshq,,,,,,,,,,,
costco.com,davidshq,semrush,,,,,,,,,,
coursehero.com,davidshq,semrush,education,,,,,,,,,
cox.com,davidshq,semrush,,,,,,,,,,
cpubenchmark.net,davidshq,,,,,,,,,,,
craigslist.org,davidshq,semrush,,,,,,,,,,
creditkarma.com,davidshq,semrush,finance,,,,,,,,,
creditsesame.com,davidshq,semrush,finance,,,,,,,,,
cricketwireless.com,davidshq,semrush,,,,,,,,,,
cssgridgarden.com,davidshq,,,,,,,,,,,
css-tricks.com,davidshq,,,,,,,,,,,
curl.se,davidshq,,,,,,,,,,,
cvs.com,davidshq,semrush,,,,,,,,,,
cypress.io,davidshq,,,,,,,,,,,
dailymail.co.uk,davidshq,semrush,,,,,,,,,,
datacamp.com,davidshq,,,,,,,,,,,
datadoghq.com,davidshq,,,,,,,,,,,
dataquest.io,davidshq,,,,,,,,,,,
datasette.io,davidshq,,,,,,,,,,,
datasociety.net,davidshq,,,,,,,,,,,
davidwalsh.name,davidshq,,,,,,,,,,,
db-engines.com,davidshq,,,,,,,,,,,
dbhub.io,davidshq,,,,,,,,,,,
dbpedia.org,davidshq,,,,,,,,,,,
debugbear.com,davidshq,,,,,,,,,,,
debugmail.io,davidshq,,,,,,,,,,,
deliciousbrains.com,davidshq,,,,,,,,,,,
delish.com,davidshq,semrush,,,,,,,,,,
dell.com,davidshq,,,,,,,,,,,
delta.com,davidshq,semrush,travel,,,,,,,,,
deno.dev,davidshq,,,,,,,,,,,
deso.com,davidshq,,,,,,,,,,,
dev.to,davidshq,,,,,,,,,,,
developers.google.com,davidshq,,,,,,,,,,,
devianart.com,davidshq,semrush,,,,,,,,,,
dhl.com,davidshq,semrush,,,,,,,,,,
dhlglobalmail.com,davidshq,semrush,,,,,,,,,,
diasporefoundation.org,davidshq,,,,,,,,,,,
dictionary.com,davidshq,semrush,education,,,,,,,,,
digitalocean.com,davidshq,,,,,,,,,,,
discord.com,davidshq,semrush,,,,,,,,,,
discourse.org,davidshq,,,,,,,,,,,
discover.com,davidshq,semrush,finance,,,,,,,,,
djangopackages.org,davidshq,,,,,,,,,,,
djangoproject.com,davidshq,,,,,,,,,,,
docker.com,davidshq,,,,,,,,,,,
docusaurus.io,davidshq,,,,,,,,,,,
docusign.net,davidshq,semrush,,,,,,,,,,
doi.org,davidshq,semrush,,,,,,,,,,
dollarshaveclub.com,davidshq,,,,,,,,,,,
dolthub.com,davidshq,,,,,,,,,,,
dominos.com,davidshq,semrush,,,,,,,,,,
doordash.com,davidshq,semrush,,,,,,,,,,
dosbox.com,davidshq,,,,,,,,,,,
dot.gov,davidshq,semrush,,,,,,,,,,
dotvvm.com,davidshq,,,,,,,,,,,
dropbox.com,davidshq,semrush,,,,,,,,,,
drugs.com,davidshq,semrush,,,,,,,,,,
dsw.com,davidshq,semrush,,,,,,,,,,
duolingo.com,davidshq,semrush,,,,,,,,,,
ea.com,davidshq,semrush,,,,,,,,,,
ebay.com,davidshq,semrush,,,,,,,,,,
edmunds.com,davidshq,semrush,,,,,,,,,,
elegantthemes.com,davidshq,,,,,,,,,,,
elixir-lang.org,davidshq,,,,,,,,,,,
elsevier.com,davidshq,semrush,,,,,,,,,,
emmet.io,davidshq,,,,,,,,,,,
energy.gov,davidshq,semrush,,,,,,,,,,
epicweb.dev,davidshq,,,,,,,,,,,
eslint.org,davidshq,,,,,,,,,,,
espn.com,davidshq,semrush,,,,,,,,,,
ethereum.org,davidshq,,,,,,,,,,,
etsy.com,davidshq,semrush,,,,,,,,,,
everblocksystems.com,davidshq,,,,,,,,,,,
everquote.com,davidshq,semrush,,,,,,,,,,
evilmartians.com,davidshq,,,,,,,,,,,
expedia.com,davidshq,semrush,travel,,,,,,,,,
experian.com,davidshq,semrush,finance,,,,,,,,,
explain.dev,davidshq,,,,,,,,,,,
expo.dev,davidshq,,,,,,,,,,,
fandom.com,davidshq,semrush,,,,,,,,,,
faustjs.org,davidshq,,,,,,,,,,,
fcc.gov,davidshq,semrush,,,,,,,,,,
fedex.com,davidshq,semrush,,,,,,,,,,
feedly.com,davidshq,,,,,,,,,,,
figma.com,davidshq,,,,,,,,,,,
fitbit.com,davidshq,semrush,,,,,,,,,,
fiverr.com,davidshq,,,,,,,,,,,
flarum.org,davidshq,,,,,,,,,,,
flexboxfroggy.com,davidshq,,,,,,,,,,,
fly.io,davidshq,,,,,,,,,,,
foodnetwork.com,davidshq,semrush,,,,,,,,,,
forbes.com,davidshq,semrush,,,,,,,,,,
force.com,davidshq,semrush,,,,,,,,,,
foreignaffairs.com,davidshq,,,,,,,,,,,
formik.org,davidshq,,,,,,,,,,,
foxnews.com,davidshq,semrush,,,,,,,,,,
foxsports.com,davidshq,semrush,,,,,,,,,,
freebasic.net,davidshq,,,,,,,,,,,
freecodecamp.org,davidshq,,,,,,,,,,,
freeplane.org,davidshq,,,,,,,,,,,
frontendmasters.com,davidshq,,,,,,,,,,,
frontendmastery.com,davidshq,,,,,,,,,,,
gamerant.com,davidshq,semrush,,,,,,,,,,
gamespot.com,davidshq,semrush,,,,,,,,,,
gap.com,davidshq,semrush,,,,,,,,,,
gatesnotes.com,davidshq,,,,,,,,,,,
gatsbyjs.com,davidshq,,,,,,,,,,,
geeksforgeeks.org,davidshq,semrush,education,,,,,,,,,
geico.com,davidshq,semrush,,,,,,,,,,
genius.com,davidshq,semrush,,,,,,,,,,
getbootstrap.com,davidshq,,,,,,,,,,,
getcomposer.org,davidshq,,,,,,,,,,,
getpaint.net,davidshq,,,,,,,,,,,
gitconnected.com,davidshq,,,,,,,,,,,
gitguardian.com,davidshq,,,,,,,,,,,
github.com,davidshq,,,,,,,,,,,
github.io,davidshq,,,,,,,,,,,
gitlab.com,davidshq,,,,,,,,,,,
git-scm.com,davidshq,,,,,,,,,,,
goodreads.com,davidshq,semrush,,,,,,,,,,
goodrx.com,davidshq,semrush,,,,,,,,,,
grammarly.com,davidshq,,,,,,,,,,,
graphviz.org,davidshq,,,,,,,,,,,
groupme.com,davidshq,semrush,,,,,,,,,,
grubhub.com,davidshq,semrush,,,,,,,,,,
gsmarena.com,davidshq,semrush,,,,,,,,,,
guilford.com,davidshq,,,,,,,,,,,
guitarcenter.com,davidshq,semrush,,,,,,,,,,
gun.eco,davidshq,,,,,,,,,,,
gusto.com,davidshq,semrush,,,,,,,,,,
hanselman.com,davidshq,,,,,,,,,,,
harvard.edu,davidshq,semrush,,,,,,,,,,
hashicorp.com,davidshq,,,,,,,,,,,
hasura.io,davidshq,,,,,,,,,,,
haystacksearch.org,davidshq,,,,,,,,,,,
hbomax.com,davidshq,semrush,,,,,,,,,,
hbr.org,davidshq,,,,,,,,,,,
healthcare.gov,davidshq,semrush,,,,,,,,,,
healthline.com,davidshq,semrush,,,,,,,,,,
hilton.com,davidshq,semrush,travel,,,,,,,,,
homedepot.com,davidshq,semrush,,,,,,,,,,
homes.com,davidshq,semrush,,,,,,,,,,
honda.com,davidshq,semrush,,,,,,,,,,
hotels.com,davidshq,semrush,travel,,,,,,,,,
hottopic.com,davidshq,semrush,,,,,,,,,,
hotwired.dev,davidshq,,,,,,,,,,,
htmx.org,davidshq,,,,,,,,,,,
httparchive.org,davidshq,,,,,,,,,,,
hulu.com,davidshq,,,,,,,,,,,
humana.com,davidshq,semrush,,,,,,,,,,
hyatt.com,davidshq,semrush,travel,,,,,,,,,
iamtimsmith.com,davidshq,,,,,,,,,,,
ibm.com,davidshq,,,,,,,,,,,
icloud.com,davidshq,semrush,,,,,,,,,,
ieee.org,davidshq,,,,,,,,,,,
ietf.org,davidshq,,,,,,,,,,,
ign.com,davidshq,semrush,,,,,,,,,,
iheart.com,davidshq,semrush,,,,,,,,,,
ikea.com,davidshq,semrush,,,,,,,,,,
imdb.com,davidshq,semrush,,,,,,,,,,
imgur.com,davidshq,semrush,,,,,,,,,,
indeed.com,davidshq,semrush,,,,,,,,,,
indieweb.org,davidshq,,,,,,,,,,,
inpsyde.com,davidshq,,,,,,,,,,,
inrupt.com,davidshq,,,,,,,,,,,
instacart.com,davidshq,semrush,,,,,,,,,,
instagram.com,davidshq,semrush,,,,,,,,,,
internetsociety.org,davidshq,,,,,,,,,,,
intuit.com,davidshq,semrush,,,,,,,,,,
investing.com,davidshq,semrush,,,,,,,,,,
iocdf.org,davidshq,,,,,,,,,,,
ipfs.io,davidshq,,,,,,,,,,,
isaaccomputerscience.org,davidshq,,,,,,,,,,,
ishadeed.com,davidshq,,,,,,,,,,,
isitdownrightnow.com,davidshq,,,,,,,,,,,
itch.io,davidshq,,,,,,,,,,,
jabramowitz.com,davidshq,,,,,,,,,,,
jam-software.com,davidshq,,,,,,,,,,,
javascript.info,davidshq,,,,,,,,,,,
jcpenney.com,davidshq,semrush,,,,,,,,,,
jestjs.io,davidshq,,,,,,,,,,,
jetblue.com,davidshq,semrush,travel,,,,,,,,,
jetbrains.com,davidshq,,,,,,,,,,,
joelonsoftware.com,davidshq,,,,,,,,,,,
joinmastodon.org,davidshq,,,,,,,,,,,
joshwcomeau.com,davidshq,,,,,,,,,,,
jscomplete.com,davidshq,,,,,,,,,,,
jsoncrack.com,davidshq,,,,,,,,,,,
jstor.org,davidshq,,,,,,,,,,,
jupyter.org,davidshq,,,,,,,,,,,
justanswer.com,davidshq,semrush,,,,,,,,,,
kaggle.com,davidshq,,,,,,,,,,,
kaiserpermanente.org,davidshq,semrush,,,,,,,,,,
kayak.com,davidshq,semrush,travel,,,,,,,,,
kbb.com,davidshq,semrush,,,,,,,,,,
kencko.com,davidshq,,,,,,,,,,,
kentcdodds.com,davidshq,,,,,,,,,,,
kfc.com,davidshq,semrush,,,,,,,,,,
khanacademy.org,davidshq,,,,,,,,,,,
kinsta.com,davidshq,,,,,,,,,,,
kotaku.com,davidshq,semrush,,,,,,,,,,
kristiakingmath.com,davidshq,,,,,,,,,,,
kroger.com,davidshq,semrush,,,,,,,,,,
kubernetes.io,davidshq,,,,,,,,,,,
labcorp.com,davidshq,semrush,,,,,,,,,,
laputan.org,davidshq,,,,,,,,,,,
laravel.com,davidshq,,,,,,,,,,,
last.fm,davidshq,semrush,,,,,,,,,,
learndjango.com,davidshq,,,,,,,,,,,
learnxinyminutes.com,davidshq,,,,,,,,,,,
lebabjs.com,davidshq,,,,,,,,,,,
letsencrypt.org,davidshq,,,,,,,,,,,
libertymutual.com,davidshq,semrush,,,,,,,,,,
lifehacker.com,davidshq,,,,,,,,,,,
lifestance.com,davidshq,,,,,,,,,,,
linkedin.com,davidshq,,,,,,,,,,,
litter-robot.com,davidshq,,,,,,,,,,,
littlecaesars.com,davidshq,semrush,,,,,,,,,,
live.com,davidshq,semrush,,,,,,,,,,
livenation.com,davidshq,semrush,,,,,,,,,,
llvm.org,davidshq,,,,,,,,,,,
localwp.com,davidshq,,,,,,,,,,,
lodash.com,davidshq,,,,,,,,,,,
logrocket.com,davidshq,,,,,,,,,,,
loopnet.com,davidshq,semrush,,,,,,,,,,
lowes.com,davidshq,semrush,,,,,,,,,,
lwn.net,davidshq,,,,,,,,,,,
lyft.com,davidshq,semrush,travel,,,,,,,,,
macys.com,davidshq,semrush,,,,,,,,,,
manning.com,davidshq,,,,,,,,,,,
marketwatch.com,davidshq,semrush,,,,,,,,,,
marriott.com,davidshq,semrush,travel,,,,,,,,,
martin.kleppmann.com,davidshq,,,,,,,,,,,
martinfowler.com,davidshq,,,,,,,,,,,
matrixgames.com,davidshq,,,,,,,,,,,
mattlayman.com,davidshq,,,,,,,,,,,
mayoclinic.org,davidshq,semrush,,,,,,,,,,
mcdonalds.com,davidshq,semrush,,,,,,,,,,
medicare.gov,davidshq,semrush,,,,,,,,,,
medium.com,davidshq,semrush,,,,,,,,,,
medlineplus.gov,davidshq,semrush,,,,,,,,,,
meetup.com,davidshq,,,,,,,,,,,
memex.garden,davidshq,,,,,,,,,,,
menshealth.com,davidshq,semrush,,,,,,,,,,
mercari.com,davidshq,semrush,,,,,,,,,,
merriam-webster.com,davidshq,semrush,education,,,,,,,,,
microsoft.com,davidshq,,,,,,,,,,,
mindbloom.com,davidshq,,,,,,,,,,,
mit.edu,davidshq,,,,,,,,,,,
mitmproxy.org,davidshq,,,,,,,,,,,
mlb.com,davidshq,semrush,,,,,,,,,,
mochajs.org,davidshq,,,,,,,,,,,
moderncss.dev,davidshq,,,,,,,,,,,
mongodb.com,davidshq,database,open-source,,,,,,,,,
mongoosejs.com,davidshq,,,,,,,,,,,
monicahq.com,davidshq,,,,,,,,,,,
morganstanley.com,davidshq,semrush,,,,,,,,,,
motionpillow.com,davidshq,,,,,,,,,,,
moz.com,davidshq,,,,,,,,,,,
mozilla.org,davidshq,,,,,,,,,,,
msn.com,davidshq,semrush,,,,,,,,,,
mysql.com,davidshq,,,,,,,,,,,
myuhc.com,davidshq,semrush,,,,,,,,,,
n8n.io,davidshq,,,,,,,,,,,
nano-editor.org,davidshq,,,,,,,,,,,
nature.com,davidshq,,,,,,,,,,,
nba.com,davidshq,semrush,,,,,,,,,,
nbcsports.com,davidshq,semrush,,,,,,,,,,
ndepend.com,davidshq,,,,,,,,,,,
neilpatel.com,davidshq,,,,,,,,,,,
neliosoftware.com,davidshq,,,,,,,,,,,
nestjs.com,davidshq,,,,,,,,,,,
netdata.cloud,davidshq,,,,,,,,,,,
netflix.com,davidshq,,,,,,,,,,,
netlify.com,davidshq,,,,,,,,,,,
newscientist.com,davidshq,semrush,,,,,,,,,,
nextjs.org,davidshq,,,,,,,,,,,
nfl.com,davidshq,semrush,,,,,,,,,,
ngrok.com,davidshq,,,,,,,,,,,
nhl.com,davidshq,semrush,,,,,,,,,,
nicepage.com,davidshq,,,,,,,,,,,
nih.gov,davidshq,semrush,,,,,,,,,,
nintendo.com,davidshq,semrush,,,,,,,,,,
nltk.org,davidshq,,,,,,,,,,,
nocodb.com,davidshq,,,,,,,,,,,
nodejs.org,davidshq,,,,,,,,,,,
nolanlawson.com,davidshq,,,,,,,,,,,
nordstrom.com,davidshq,semrush,,,,,,,,,,
notepad-plus-plus.org,davidshq,,,,,,,,,,,
notion.so,davidshq,,,,,,,,,,,
noupe.com,davidshq,,,,,,,,,,,
npmjs.com,davidshq,,,,,,,,,,,
npr.org,davidshq,,,,,,,,,,,
nps.gov,davidshq,semrush,,,,,,,,,,
nuxtjs.org,davidshq,,,,,,,,,,,
nytimes.com,davidshq,semrush,,,,,,,,,,
observablehq.com,davidshq,,,,,,,,,,,
obsidian.md,davidshq,,,,,,,,,,,
ocdtherapist.com,davidshq,,,,,,,,,,,
octave.org,davidshq,,,,,,,,,,,
office.com,davidshq,semrush,,,,,,,,,,
office365.com,davidshq,semrush,,,,,,,,,,
okta.com,davidshq,,,,,,,,,,,
olivegarden.com,davidshq,semrush,,,,,,,,,,
opencollective.com,davidshq,,,,,,,,,,,
opensource.org,davidshq,,,,,,,,,,,
opentable.com,davidshq,semrush,travel,,,,,,,,,
orange.fr,davidshq,semrush,,,,,,,,,,
orbitz.com,davidshq,semrush,travel,,,,,,,,,
orcid.org,davidshq,semrush,,,,,,,,,,
oreilly.com,davidshq,,,,,,,,,,,
oreillyauto.com,davidshq,semrush,,,,,,,,,,
outlook.com,davidshq,semrush,,,,,,,,,,
overleaf.com,davidshq,,,,,,,,,,,
overreacted.io,davidshq,,,,,,,,,,,
owasp.org,davidshq,,,,,,,,,,,
packer.io,davidshq,,,,,,,,,,,
pandoc.org,davidshq,,,,,,,,,,,
pandora.com,davidshq,semrush,,,,,,,,,,
panerabread.com,davidshq,semrush,,,,,,,,,,
papajohns.com,davidshq,semrush,,,,,,,,,,
parceljs.org,davidshq,,,,,,,,,,,
parsleyhealth.com,davidshq,,,,,,,,,,,
patterns.dev,davidshq,,,,,,,,,,,
paychex.com,davidshq,semrush,,,,,,,,,,
paycor.com,davidshq,semrush,,,,,,,,,,
paypal.com,davidshq,semrush,,,,,,,,,,
pbpython.com,davidshq,,,,,,,,,,,
pcgamer.com,davidshq,semrush,,,,,,,,,,
pearson.com,davidshq,semrush,,,,,,,,,,
pencil.evolus.vn,davidshq,,,,,,,,,,,
people.com,davidshq,semrush,,,,,,,,,,
percona.com,davidshq,,,,,,,,,,,
phonearena.com,davidshq,semrush,,,,,,,,,,
phpunitde,davidshq,,,,,,,,,,,
phys.org,davidshq,semrush,,,,,,,,,,
pixabay.com,davidshq,,,,,,,,,,,
pizzahut.com,davidshq,semrush,,,,,,,,,,
plainenglish.io,davidshq,,,,,,,,,,,
plantuml.com,davidshq,,,,,,,,,,,
playstation.com,davidshq,semrush,,,,,,,,,,
playwright.dev,davidshq,,,,,,,,,,,
plos.org,davidshq,semrush,,,,,,,,,,
pluralism.org,davidshq,,,,,,,,,,,
pnas.org,davidshq,semrush,,,,,,,,,,
podman-desktop.io,davidshq,,,,,,,,,,,
polygon.com,davidshq,semrush,,,,,,,,,,
popeyes.com,davidshq,semrush,,,,,,,,,,
poshmark.com,davidshq,semrush,,,,,,,,,,
postgresql.org,davidshq,,,,,,,,,,,
postgresqltutorial.com,davidshq,,,,,,,,,,,
postman.com,davidshq,,,,,,,,,,,
pragdave.me,davidshq,,,,,,,,,,,
pragmaticengineer.com,davidshq,,,,,,,,,,,
prettier.io,davidshq,,,,,,,,,,,
priceline.com,davidshq,semrush,,,,,,,,,,
prisma.io,davidshq,,,,,,,,,,,
producthunt.com,davidshq,,,,,,,,,,,
programminghistorian.org,davidshq,,,,,,,,,,,
progressive.com,davidshq,semrush,,,,,,,,,,
protocol.ai,davidshq,,,,,,,,,,,
psychologytoday.com,davidshq,semrush,,,,,,,,,,
psycopg.org,davidshq,,,,,,,,,,,
publix.com,davidshq,semrush,,,,,,,,,,
pyodide.org,davidshq,,,,,,,,,,,
pyscript.net,davidshq,,,,,,,,,,,
pythonanvil.com,davidshq,,,,,,,,,,,
python-poetry.org,davidshq,,,,,,,,,,,
pytorch,davidshq,,,,,,,,,,,
pyviz.org,davidshq,,,,,,,,,,,
qt.io,davidshq,,,,,,,,,,,
qualtrics.com,davidshq,semrush,,,,,,,,,,
questdiagnostics.com,davidshq,semrush,,,,,,,,,,
quizlet.com,davidshq,semrush,education,,,,,,,,,
qvc.com,davidshq,semrush,beauty,,,,,,,,,
raindrop.io,davidshq,,,,,,,,,,,
raspberrypi.org,davidshq,,,,,,,,,,,
raygun.com,davidshq,,,,,,,,,,,
rclone.org,davidshq,,,,,,,,,,,
react-bootstrap.github.io,davidshq,,,,,,,,,,,
reactrouter.com,davidshq,,,,,,,,,,,
readthedocs.io,davidshq,,,,,,,,,,,
realpython.com,davidshq,python,coding,,,,,,,,,
realtor.com,davidshq,semrush,,,,,,,,,,
redbook.io,davidshq,database,book,,,,,,,,,
reddit.com,davidshq,discussion,news,,,,,,,,,
redfin.com,davidshq,semrush,,,,,,,,,,
red-gate.com,davidshq,database,,,,,,,,,,
redmonk.com,davidshq,coding,,,,,,,,,,
redux.js.org,davidshq,redux,react,state-management,,,,,,,,
redux-saga.js.org,davidshq,redux,react,state-management,,,,,,,,
regex101.com,davidshq,regex,,,,,,,,,,
regexlearn.com,davidshq,regex,,,,,,,,,,
remarkable.com,davidshq,tablet,,,,,,,,,,
remix.run,davidshq,full-stack,,,,,,,,,,
researchgate.net,davidshq,research,science,,,,,,,,,
retailmenot.com,davidshq,semrush,savings,,,,,,,,,
retool.com,davidshq,rad,,,,,,,,,,
reuters.com,davidshq,semrush,,,,,,,,,,
reverb.com,davidshq,semrush,,,,,,,,,,
richtabor.com,davidshq,wordpress,,,,,,,,,,
roadmap.sh,davidshq,,,,,,,,,,,
robinwieruch.de,davidshq,coding,,,,,,,,,,
rocketmortgage.com,davidshq,semrush,,,,,,,,,,
rollingstone.com,davidshq,semrush,,,,,,,,,,
roots.io,davidshq,wordpress,,,,,,,,,,
rowy.io,davidshq,rad,,,,,,,,,,
rubyonrails.org,davidshq,ruby-on-rails,,,,,,,,,,
rufus.ie,davidshq,USB,,,,,,,,,,
rust-lang.org,davidshq,,,,,,,,,,,
ryanemitchell.com,davidshq,,,,,,,,,,,
safeway.com,davidshq,semrush,,,,,,,,,,
salesforce.com,davidshq,semrush,,,,,,,,,,
salferrarello.com,davidshq,,,,,,,,,,,
sallybeauty.com,davidshq,semrush,beauty,,,,,,,,,
samaltman.com,davidshq,,,,,,,,,,,
samsung.com,davidshq,semrush,,,,,,,,,,
schoology.com,davidshq,semrush,education,,,,,,,,,
sciencedirect.com,davidshq,semrush,,,,,,,,,,
scientificamerican.com,davidshq,science,,,,,,,,,,
scikit-learn.org,davidshq,machine-learning,,,,,,,,,,
scrapy.org,davidshq,,,,,,,,,,,
seek.com.au,davidshq,semrush,,,,,,,,,,
semrush.com,davidshq,,,,,,,,,,,
sentry.io,davidshq,,,,,,,,,,,
sephora.com,davidshq,semrush,beauty,,,,,,,,,
serverfault.com,davidshq,,,,,,,,,,,
sharepoint.com,davidshq,semrush,,,,,,,,,,
si.com,davidshq,semrush,,,,,,,,,,
sigstore.dev,davidshq,,,,,,,,,,,
siteground.com,davidshq,hosting,,,,,,,,,,
sitepoint.com,davidshq,,,,,,,,,,,
skechers.com,davidshq,semrush,,,,,,,,,,
slack.com,davidshq,,,,,,,,,,,
slideshare.net,davidshq,semrush,,,,,,,,,,
smartdraw.com,davidshq,,,,,,,,,,,
smartrecruiters.com,davidshq,semrush,,,,,,,,,,
smashingmagazine.com,davidshq,,,,,,,,,,,
snipcart.com,davidshq,,,,,,,,,,,
snyk.io,davidshq,,,,,,,,,,,
solidjs.com,davidshq,,,,,,,,,,,
sonarlint.org,davidshq,,,,,,,,,,,
sonarqube.org,davidshq,,,,,,,,,,,
soundcloud.com,davidshq,semrush,,,,,,,,,,
sourcery.ai,davidshq,,,,,,,,,,,
southwest.com,davidshq,semrush,travel,,,,,,,,,
soylent.com,davidshq,food,,,,,,,,,,
space.com,davidshq,semrush,,,,,,,,,,
spacy.io,davidshq,NLP,,,,,,,,,,
spectrum.net,davidshq,semrush,,,,,,,,,,
speedtest.net,davidshq,semrush,,,,,,,,,,
spokeo.com,davidshq,semrush,,,,,,,,,,
sportskeeda.com,davidshq,semrush,,,,,,,,,,
spotify.com,davidshq,music,,,,,,,,,,
sqlitebrowser.org,davidshq,,,,,,,,,,,
sqlitetutorial.net,davidshq,,,,,,,,,,,
stackblitz.com,davidshq,,,,,,,,,,,
stackexchange.com,davidshq,,,,,,,,,,,
stackoverflow.com,davidshq,coding,,,,,,,,,,
stamps.com,davidshq,semrush,,,,,,,,,,
stanford.edu,davidshq,,,,,,,,,,,
starubucks.com,davidshq,semrush,,,,,,,,,,
statefarm.com,davidshq,semrush,,,,,,,,,,
stateofjs.com,davidshq,,,,,,,,,,,
steamcommunity.com,davidshq,semrush,,,,,,,,,,
steampipe.io,davidshq,,,,,,,,,,,
steampowered.com,davidshq,semrush,,,,,,,,,,
stockcharts.com,davidshq,semrush,,,,,,,,,,
stormcrawler.net,davidshq,web-crawler,open-source,,,,,,,,,
storybook.js.org,davidshq,storybook,testing,design,javascript,react,,,,,,
study.com,davidshq,semrush,education,,,,,,,,,
subway.com,davidshq,semrush,,,,,,,,,,
supabase.io,davidshq,saas,open-source,rad,coding,,,,,,,
superuser.com,davidshq,tech,,,,,,,,,,
surveygizmo.com,davidshq,semrush,,,,,,,,,,
surveyjunkie.com,davidshq,semrush,,,,,,,,,,
surveymonkey.com,davidshq,semrush,,,,,,,,,,
swc.rs,davidshq,coding,rust,,,,,,,,,
sweetwater.com,davidshq,semrush,,,,,,,,,,
tabinine.com,davidshq,ai,coding,productivity,,,,,,,,
tacobell.com,davidshq,semrush,,,,,,,,,,
tailwindcss.com,davidshq,css,css-framework,,,,,,,,,
talent.com,davidshq,semrush,,,,,,,,,,
tally.so,davidshq,forms,,,,,,,,,,
taniarascia.com,davidshq,individual,software-engineer,coding,wordpress,graphql,redux,react,,,,
target.com,davidshq,semrush,,,,,,,,,,
tasteofhome.com,davidshq,semrush,,,,,,,,,,
teachyourselfcs.com,davidshq,coding,computer-science,,,,,,,,,
techsoup.org,davidshq,non-profit,donations,,,,,,,,,
terraform.io,davidshq,infrastructure-as-code,open-source,,,,,,,,,
tesla.com,davidshq,semrush,,,,,,,,,,
thegamer.com,davidshq,semrush,,,,,,,,,,
theguardian.com,davidshq,semrush,,,,,,,,,,
thehackernews.com,davidshq,news,tech-news,coding,,,,,,,,
themeforest.com,davidshq,,,,,,,,,,,
thenewstack.io,davidshq,news,tech-news,blog,coding,,,,,,,
theodinproject.com,davidshq,coding,ruby-on-rails,,,,,,,,,
thesaurus.com,davidshq,semrush,education,,,,,,,,,
thespruceeats.com,davidshq,semrush,,,,,,,,,,
thoughtworks.com,davidshq,coding,,,,,,,,,,
thunderbird.net,davidshq,email,open-source,,,,,,,,,
ticketmaster.com,davidshq,semrush,,,,,,,,,,
tiktok.com,davidshq,semrush,,,,,,,,,,
timescaledb.com,davidshq,sql,database,time-series,,,,,,,,
tiobe.com,davidshq,coding,,,,,,,,,,
t-mobile.com,davidshq,semrush,,,,,,,,,,
tmz.com,davidshq,semrush,,,,,,,,,,
toggl.com,davidshq,productivity,,,,,,,,,,
tommcfarlin.com,davidshq,wordpress,coding,,,,,,,,,
torquemag.io,davidshq,wordpress,coding,,,,,,,,,
towardsdatascience.com,davidshq,data-science,coding,,,,,,,,,
toyota.com,davidshq,semrush,,,,,,,,,,
travelocity.com,davidshq,semrush,travel,,,,,,,,,
treygrainger.com,davidshq,search,solr,,,,,,,,,
tripadvisor.com,davidshq,semrush,,,,,,,,,,
triplea-game.org,davidshq,computer-game,strategy-game,open-source,,,,,,,,
trulia.com,davidshq,semrush,,,,,,,,,,
turbovnc.org,davidshq,vnc,remote-access,open-source,,,,,,,,
tutorialspoint.com,davidshq,tutorials,coding,,,,,,,,,
tutsplus.com,davidshq,,,,,,,,,,,
tvtropes.org,davidshq,semrush,,,,,,,,,,
twitch.tv,davidshq,semrush,,,,,,,,,,
twitter.org,davidshq,semrush,,,,,,,,,,
typescriptlang.org,davidshq,javascript,coding,typescript,,,,,,,,
ubereats.com,davidshq,semrush,,,,,,,,,,
ubuntu.com,davidshq,os,linux,open-source,,,,,,,,
udemy.com,davidshq,education,video-education,,,,,,,,,
uhaul.com,davidshq,semrush,,,,,,,,,,
uhc.com,davidshq,semrush,,,,,,,,,,
ui.com,davidshq,ubiquiti,network,wireless,,,,,,,,
ulta.com,davidshq,semrush,beauty,,,,,,,,,
ultimate-guitar.com,davidshq,semrush,,,,,,,,,,
unicode.org,davidshq,,,,,,,,,,,
united.com,davidshq,semrush,travel,,,,,,,,,
unroll.me,davidshq,email,spam,productivity,,,,,,,,
unsplash.com,davidshq,,,,,,,,,,,
ups.com,davidshq,semrush,,,,,,,,,,
usaa.com,davidshq,semrush,,,,,,,,,,
usability.gov,davidshq,usability,coding,,,,,,,,,
usatoday.com,davidshq,semrush,,,,,,,,,,
usnews.com,davidshq,semrush,,,,,,,,,,
usps.com,davidshq,semrush,,,,,,,,,,
vagrantup.com,davidshq,vagrant,virtual-machine,coding,,,,,,,,
vanguard.com,davidshq,semrush,,,,,,,,,,
verizon.com,davidshq,semrush,,,,,,,,,,
verizonwireless.com,davidshq,semrush,,,,,,,,,,
videolan.org,davidshq,media-player,open-source,,,,,,,,,
visualcapitalist.com,davidshq,infographics,financial,economics,,,,,,,,
visualstudio.com,davidshq,,,,,,,,,,,
vitejs.dev,davidshq,,,,,,,,,,,
vitest.dev,davidshq,vite,unit-test,open-source,,,,,,,,
vrbo.com,davidshq,semrush,,,,,,,,,,
vtk.org,davidshq,visualization,medical-visualization,data-visualization,scientific-visualization,open-source,,,,,,
vuejs.org,davidshq,vue,vuex,vue-router,,,,,,,,
vuestic.com,davidshq,vue,front-end,open-source,,,,,,,,
vuetifyjs.com,davidshq,vue,front-end,open-source,,,,,,,,
w3.org,davidshq,standards,web,,,,,,,,,
w3schools.com,davidshq,semrush,education,,,,,,,,,
wagtail.org,davidshq,django,cms,open-source,,,,,,,,
walgreens.com,davidshq,semrush,,,,,,,,,,
wallethub.com,davidshq,semrush,,,,,,,,,,
wallst.com,davidshq,semrush,,,,,,,,,,
walmart.com,davidshq,semrush,,,,,,,,,,
wargamer.com,davidshq,,,,,,,,,,,
washingtonpost.com,davidshq,semrush,,,,,,,,,,
wattpad.com,davidshq,semrush,,,,,,,,,,
wayfair.com,davidshq,semrush,,,,,,,,,,
weather.com,davidshq,semrush,,,,,,,,,,
web.dev,davidshq,coding,html,css,javascript,,,,,,,
web.hypothes.is,davidshq,annotations,research,open-source,,,,,,,,
webdevstudios.com,davidshq,wordpress,,,,,,,,,,
webdriver.io,davidshq,brower-automation,mobile-automation,node.js,,,,,,,,
webflow.com,davidshq,low-code,rad,,,,,,,,,
webmd.com,davidshq,semrush,,,,,,,,,,
webpack.js.org,davidshq,coding,bundler,javascript,open-source,,,,,,,
wellsfargo.com,davidshq,semrush,finance,,,,,,,,,
wesnoth.org,davidshq,computer-game,fantasy-game,open-source,,,,,,,,
whatwg.org,davidshq,web-development,coding,standards,,,,,,,,
whitepages.com,davidshq,semrush,,,,,,,,,,
whocanuse.com,davidshq,accessibility,coding,,,,,,,,,
wikimediafoundation.org,davidshq,non-profit,open-source,,,,,,,,,
wikipedia.org,davidshq,,,,,,,,,,,
wiktionary.org,davidshq,semrush,education,,,,,,,,,
wiley.com,davidshq,semrush,,,,,,,,,,
wireshark.org,davidshq,network,packet-analysis,security,open-source,,,,,,,
wordpress.com,davidshq,semrush,,,,,,,,,,
wordpress.org,davidshq,wordpress,coding,open-source,,,,,,,,
workable.com,davidshq,semrush,,,,,,,,,,
workday.com,davidshq,semrush,,,,,,,,,,
worldhistory.org,davidshq,history,encyclopedia,,,,,,,,,
wpbeginner.com,davidshq,wordpress,php,coding,,,,,,,,
wpmudev.com,davidshq,wordpress,php,coding,hosting,,,,,,,
wpshout.com,davidshq,wordpress,php,coding,,,,,,,,
wptavern.com,davidshq,wordpress,php,coding,,,,,,,,
wrestlinginc.com,davidshq,semrush,,,,,,,,,,
wsj.com,davidshq,semrush,,,,,,,,,,
www.nhs.uk,davidshq,semrush,,,,,,,,,,
xbox.com,davidshq,semrush,,,,,,,,,,
xebug.org,davidshq,debugging,php,coding,,,,,,,,
xfinity.com,davidshq,semrush,,,,,,,,,,
xrdp.org,davidshq,rdp,software,,,,,,,,,
yahoo.com,davidshq,semrush,,,,,,,,,,
yandex.com,davidshq,semrush,,,,,,,,,,
yarnpkg.com,davidshq,node.js,dependency-management,,,,,,,,,
ycombinator.com,davidshq,,,,,,,,,,,
youneedabudget.com,davidshq,financial,personal-finance,software,paid-subscription,,,,,,,
youtube.com,davidshq,semrush,,,,,,,,,,
zapier.com,davidshq,automation,,,,,,,,,,
zappos.com,davidshq,semrush,,,,,,,,,,
zendesk.com,davidshq,semrush,,,,,,,,,,
zerotier.com,davidshq,vpn,security,,,,,,,,,
zerotomastery.io,davidshq,coding,,,,,,,,,,
zettlr.com,davidshq,markdown,open-source,,,,,,,,,
zillow.com,davidshq,semrush,,,,,,,,,,
zoom.us,davidshq,semrush,,,,,,,,,,
